dia,tipo,pedidos,bruto,liquido
2025-11-15,CREDITO_MAQUINA,5,352.00,320.00
2025-11-15,DEBITO_MAQUINA,2,39.60,36.00
2025-11-15,PIX_MAQUINA,1,19.80,18.00
2025-11-16,CREDITO_MAQUINA,12,752.40,684.00
2025-11-16,DEBITO_MAQUINA,16,1175.90,1069.00
2025-11-16,PIX_MAQUINA,7,495.00,450.00
2025-11-17,CREDITO_MAQUINA,1,99.00,90.00
2025-11-17,DEBITO_MAQUINA,1,39.60,36.00
2025-11-17,PIX_MAQUINA,2,138.60,126.00
2025-11-18,PIX_MAQUINA,2,118.80,108.00
2025-11-19,CREDITO_MAQUINA,6,198.00,180.00
2025-11-19,DEBITO_MAQUINA,5,233.20,212.00
2025-11-19,PIX_MAQUINA,2,277.20,252.00
2025-11-20,CREDITO_MAQUINA,15,1049.40,954.00
2025-11-20,DEBITO_MAQUINA,13,1076.90,979.00
2025-11-20,PIX_MAQUINA,6,253.00,230.00
2025-11-21,CREDITO_MAQUINA,18,1441.00,1310.00
2025-11-21,DEBITO_MAQUINA,17,1282.60,1166.00
2025-11-21,PIX_MAQUINA,5,376.20,342.00
2025-11-22,CREDITO_MAQUINA,10,633.60,576.00
2025-11-22,DEBITO_MAQUINA,14,712.80,648.00
2025-11-22,PIX_MAQUINA,4,158.40,144.00
2025-11-23,CREDITO_MAQUINA,2,79.20,72.00
2025-11-23,DEBITO_MAQUINA,1,19.80,18.00
2025-11-24,CREDITO_MAQUINA,4,339.90,309.00
2025-11-24,DEBITO_MAQUINA,1,99.00,90.00
2025-11-24,PIX_MAQUINA,5,99.00,90.00
2025-11-25,CREDITO_MAQUINA,1,19.80,18.00
2025-11-25,DEBITO_MAQUINA,5,376.20,342.00
2025-11-25,PIX_MAQUINA,2,39.60,36.00
2025-11-26,CREDITO_MAQUINA,7,178.20,162.00
2025-11-26,DEBITO_MAQUINA,2,39.60,36.00
2025-11-27,CREDITO_MAQUINA,1,19.80,18.00
2025-11-27,DEBITO_MAQUINA,8,435.60,396.00
2025-11-27,PIX_MAQUINA,5,198.00,180.00
2025-11-28,CREDITO_MAQUINA,5,217.80,198.00
2025-11-28,DEBITO_MAQUINA,4,178.20,162.00
2025-11-28,PIX_MAQUINA,3,277.20,252.00
2025-11-29,CREDITO_MAQUINA,6,371.80,338.00
2025-11-29,DEBITO_MAQUINA,12,752.40,684.00
2025-11-29,PIX_MAQUINA,3,138.60,126.00
2025-11-30,CREDITO_MAQUINA,6,198.00,180.00
2025-11-30,DEBITO_MAQUINA,13,732.60,666.00
2025-11-30,PIX_MAQUINA,5,455.40,414.00
2025-12-01,CREDITO_MAQUINA,5,138.60,126.00
2025-12-01,DEBITO_MAQUINA,6,217.80,198.00
2025-12-01,PIX_MAQUINA,7,435.60,396.00
2025-12-02,CREDITO_MAQUINA,6,178.20,162.00
2025-12-02,DEBITO_MAQUINA,14,435.60,396.00
2025-12-02,PIX_MAQUINA,7,237.60,216.00
2025-12-03,CREDITO_MAQUINA,10,396.00,360.00
2025-12-03,DEBITO_MAQUINA,12,502.70,457.00
2025-12-03,PIX_MAQUINA,3,99.00,90.00
2025-12-04,CREDITO_MAQUINA,11,376.20,342.00
2025-12-04,DEBITO_MAQUINA,14,554.40,504.00
2025-12-04,PIX_MAQUINA,12,772.20,702.00
2025-12-05,CREDITO_MAQUINA,2,59.40,54.00
2025-12-05,DEBITO_MAQUINA,14,613.80,558.00
2025-12-05,PIX_MAQUINA,6,178.20,162.00
2025-12-06,CREDITO_MAQUINA,10,693.00,630.00
2025-12-06,DEBITO_MAQUINA,34,2013.00,1830.00
2025-12-06,PIX_MAQUINA,10,495.00,450.00
2025-12-07,CREDITO_MAQUINA,16,1366.20,1242.00
2025-12-07,DEBITO_MAQUINA,27,2059.20,1872.00
2025-12-07,PIX_MAQUINA,10,470.80,428.00
2025-12-08,CREDITO_MAQUINA,6,356.40,324.00
2025-12-08,DEBITO_MAQUINA,6,356.40,324.00
2025-12-08,PIX_MAQUINA,5,336.60,306.00
2025-12-09,CREDITO_MAQUINA,1,79.20,72.00
2025-12-09,DEBITO_MAQUINA,2,39.60,36.00
2025-12-09,PIX_MAQUINA,4,79.20,72.00
2025-12-10,CREDITO_MAQUINA,3,178.20,162.00
2025-12-10,DEBITO_MAQUINA,7,304.70,277.00
2025-12-10,PIX_MAQUINA,8,356.40,324.00
2025-12-11,CREDITO_MAQUINA,8,594.00,540.00
2025-12-11,DEBITO_MAQUINA,10,518.10,471.00
2025-12-11,PIX_MAQUINA,5,178.20,162.00
2025-12-12,CREDITO_MAQUINA,1,19.80,18.00
2025-12-12,DEBITO_MAQUINA,1,19.80,18.00
2025-12-13,CREDITO_MAQUINA,11,712.80,648.00
2025-12-13,DEBITO_MAQUINA,24,1425.60,1296.00
2025-12-13,PIX_MAQUINA,11,613.80,558.00
2025-12-14,CREDITO_MAQUINA,13,693.00,630.00
2025-12-14,DEBITO_MAQUINA,23,1267.20,1152.00
2025-12-14,PIX_MAQUINA,8,653.40,594.00
2025-12-15,CREDITO_MAQUINA,13,633.60,576.00
2025-12-15,DEBITO_MAQUINA,16,1139.60,1036.00
2025-12-15,PIX_MAQUINA,13,732.60,666.00
2025-12-16,CREDITO_MAQUINA,1,19.80,18.00
2025-12-16,DEBITO_MAQUINA,11,554.40,504.00
2025-12-16,PIX_MAQUINA,2,99.00,90.00
2025-12-17,CREDITO_MAQUINA,6,336.60,306.00
2025-12-17,DEBITO_MAQUINA,16,534.60,486.00
2025-12-17,PIX_MAQUINA,6,277.20,252.00
2025-12-18,CREDITO_MAQUINA,6,356.40,324.00
2025-12-18,DEBITO_MAQUINA,10,455.40,414.00
2025-12-18,PIX_MAQUINA,4,158.40,144.00
2025-12-19,CREDITO_MAQUINA,3,158.40,144.00
2025-12-19,DEBITO_MAQUINA,6,158.40,144.00
2025-12-19,PIX_MAQUINA,1,19.80,18.00
2025-12-20,CREDITO_MAQUINA,16,1116.50,1015.00
2025-12-20,DEBITO_MAQUINA,31,2054.80,1868.00
2025-12-20,PIX_MAQUINA,12,1227.60,1116.00
2025-12-21,CREDITO_MAQUINA,18,1346.40,1224.00
2025-12-21,DEBITO_MAQUINA,29,1544.40,1404.00
2025-12-21,PIX_MAQUINA,8,594.00,540.00
2025-12-22,CREDITO_MAQUINA,11,792.00,720.00
2025-12-22,DEBITO_MAQUINA,27,1718.20,1562.00
2025-12-22,PIX_MAQUINA,9,653.40,594.00
2025-12-23,CREDITO_MAQUINA,8,292.60,266.00
2025-12-23,DEBITO_MAQUINA,13,633.60,576.00
2025-12-23,PIX_MAQUINA,9,396.00,360.00
2025-12-24,CREDITO_MAQUINA,6,415.80,378.00
2025-12-24,DEBITO_MAQUINA,7,495.00,450.00
2025-12-24,PIX_MAQUINA,4,277.20,252.00
2025-12-25,CREDITO_MAQUINA,17,1267.20,1152.00
2025-12-25,DEBITO_MAQUINA,26,1698.95,1544.50
2025-12-25,PIX_MAQUINA,9,594.00,540.00
2025-12-26,CREDITO_MAQUINA,15,799.70,727.00
2025-12-26,DEBITO_MAQUINA,24,1480.60,1346.00
2025-12-26,PIX_MAQUINA,5,336.60,306.00
2025-12-27,CREDITO_MAQUINA,9,633.60,576.00
2025-12-27,DEBITO_MAQUINA,15,613.80,558.00
2025-12-27,PIX_MAQUINA,2,59.40,54.00
2025-12-28,CREDITO_MAQUINA,15,1009.80,918.00
2025-12-28,DEBITO_MAQUINA,16,950.40,864.00
2025-12-28,PIX_MAQUINA,7,455.40,414.00
2025-12-29,CREDITO_MAQUINA,1,19.80,18.00
2025-12-29,DEBITO_MAQUINA,5,158.40,144.00
2025-12-29,PIX_MAQUINA,1,19.80,18.00
2025-12-30,CREDITO_MAQUINA,3,99.00,90.00
2025-12-30,DEBITO_MAQUINA,2,39.60,36.00
2025-12-30,PIX_MAQUINA,2,118.80,108.00
2026-01-02,CREDITO_MAQUINA,2,138.60,126.00
2026-01-02,DEBITO_MAQUINA,1,19.80,18.00
2026-01-02,PIX_MAQUINA,2,39.60,36.00
2026-01-04,CREDITO_MAQUINA,1,19.80,18.00
2026-01-04,PIX_MAQUINA,1,19.80,18.00
