data_pagamento_brt,pedidos,ingressos,bruto,taxa_zet,liquido,pedidos_estornados,liquido_estornado,liquido_final
2025-10-22,7,25,656.50,63.50,593.00,0,0.00,593.00
2025-10-23,5,12,268.40,24.40,244.00,0,0.00,244.00
2025-10-24,10,41,1084.60,98.60,986.00,0,0.00,986.00
2025-10-25,7,30,726.00,66.00,660.00,0,0.00,660.00
2025-10-26,5,15,430.10,39.10,391.00,0,0.00,391.00
2025-10-27,14,49,1244.10,113.10,1131.00,0,0.00,1131.00
2025-10-28,13,42,1013.10,92.10,921.00,0,0.00,921.00
2025-10-29,9,43,1065.90,96.90,969.00,0,0.00,969.00
2025-10-30,18,65,1508.10,137.10,1371.00,1,36.00,1335.00
2025-10-31,9,23,616.00,56.00,560.00,1,75.00,485.00
2025-11-01,11,37,905.30,82.30,823.00,0,0.00,823.00
2025-11-02,12,32,820.60,74.60,746.00,0,0.00,746.00
2025-11-03,24,77,1797.40,163.40,1634.00,0,0.00,1634.00
2025-11-04,18,55,1252.90,113.90,1139.00,0,0.00,1139.00
2025-11-05,14,42,1001.00,91.00,910.00,2,175.00,735.00
2025-11-06,20,53,1361.80,123.80,1238.00,0,0.00,1238.00
2025-11-07,18,52,1256.20,114.20,1142.00,0,0.00,1142.00
2025-11-08,15,44,1184.70,107.70,1077.00,2,136.00,941.00
2025-11-09,7,19,451.00,41.00,410.00,0,0.00,410.00
2025-11-10,65,171,4364.80,396.80,3968.00,0,0.00,3968.00
2025-11-11,67,204,5501.10,500.10,5001.00,0,0.00,5001.00
2025-11-12,63,193,5056.70,459.70,4597.00,3,305.00,4292.00
2025-11-13,57,162,4367.00,397.00,3970.00,1,36.00,3934.00
2025-11-14,155,429,11437.80,1039.80,10398.00,1,54.00,10344.00
2025-11-15,635,1815,54788.80,4980.80,49808.00,7,432.00,49376.00
2025-11-16,481,1386,38404.85,3491.35,34913.50,3,399.00,34514.50
2025-11-17,337,1045,28409.70,2582.70,25827.00,10,601.00,25226.00
2025-11-18,305,899,24756.05,2250.55,22505.50,4,194.00,22311.50
2025-11-19,520,1583,50461.40,4587.40,45874.00,3,115.00,45759.00
2025-11-20,825,2433,80311.00,7301.00,73010.00,3,252.00,72758.00
2025-11-21,847,2620,82200.80,7472.80,74728.00,4,371.00,74357.00
2025-11-22,579,1767,53835.65,4894.15,48941.50,1,36.00,48905.50
2025-11-23,223,677,18789.10,1708.10,17081.00,2,216.00,16865.00
2025-11-24,267,832,22146.30,2013.30,20133.00,2,201.00,19932.00
2025-11-25,400,1159,31475.40,2861.40,28614.00,7,450.00,28164.00
2025-11-26,450,1343,37346.10,3395.10,33951.00,3,208.00,33743.00
2025-11-27,466,1379,38865.20,3533.20,35332.00,3,226.00,35106.00
2025-11-28,568,1673,46681.80,4243.80,42438.00,12,1159.00,41279.00
2025-11-29,860,2458,70062.85,6369.35,63693.50,8,684.00,63009.50
2025-11-30,430,1319,37484.15,3407.65,34076.50,5,270.00,33806.50
2025-12-01,415,1262,33557.70,3050.70,30507.00,6,568.00,29939.00
2025-12-02,474,1455,39835.40,3621.40,36214.00,4,244.00,35970.00
2025-12-03,654,1978,54256.40,4932.40,49324.00,3,233.00,49091.00
2025-12-04,710,2101,58046.45,5276.95,52769.50,9,1004.00,51765.50
2025-12-05,804,2397,68745.05,6249.55,62495.50,4,540.00,61955.50
2025-12-06,915,2735,81668.40,7424.40,74244.00,6,468.00,73776.00
2025-12-07,875,2603,75824.10,6893.10,68931.00,8,892.00,68039.00
2025-12-08,403,1219,32996.70,2999.70,29997.00,14,1033.00,28964.00
2025-12-09,344,1157,31489.15,2862.65,28626.50,4,331.50,28295.00
2025-12-10,447,1361,37632.65,3421.15,34211.50,7,435.00,33776.50
2025-12-11,718,2148,59182.75,5380.25,53802.50,5,378.00,53424.50
2025-12-12,210,636,16684.80,1516.80,15168.00,4,198.00,14970.00
2025-12-13,741,2300,64763.60,5887.60,58876.00,1,36.00,58840.00
2025-12-14,472,1477,40523.45,3683.95,36839.50,3,284.00,36555.50
2025-12-15,929,2813,77583.00,7053.00,70530.00,4,162.00,70368.00
2025-12-16,597,1902,51498.15,4681.65,46816.50,3,270.00,46546.50
2025-12-17,657,1975,54220.10,4929.10,49291.00,4,252.00,49039.00
2025-12-18,928,2911,81716.25,7428.75,74287.50,7,774.00,73513.50
2025-12-19,806,2447,71745.30,6522.30,65223.00,7,593.00,64630.00
2025-12-20,943,2829,85872.60,7806.60,78066.00,8,936.00,77130.00
2025-12-21,924,2880,86996.80,7908.80,79088.00,5,342.00,78746.00
2025-12-22,871,2735,81888.95,7444.45,74444.50,10,749.00,73695.50
2025-12-23,479,1546,45568.05,4142.55,41425.50,1,36.00,41389.50
2025-12-24,111,354,10211.30,928.30,9283.00,2,108.00,9175.00
2025-12-25,301,1030,30051.45,2731.95,27319.50,4,284.00,27035.50
2025-12-26,277,966,27854.20,2532.20,25322.00,3,122.00,25200.00
2025-12-27,242,799,22662.75,2060.25,20602.50,1,36.00,20566.50
2025-12-28,222,744,20176.75,1834.25,18342.50,0,0.00,18342.50
2025-12-29,115,360,9754.80,886.80,8868.00,0,0.00,8868.00
2025-12-30,94,271,7335.90,666.90,6669.00,1,36.00,6633.00
2025-12-31,17,61,1684.10,153.10,1531.00,0,0.00,1531.00
2026-01-01,99,309,8163.65,742.15,7421.50,0,0.00,7421.50
2026-01-02,208,610,16658.40,1514.40,15144.00,0,0.00,15144.00
2026-01-03,162,511,13797.85,1254.35,12543.50,0,0.00,12543.50
2026-01-04,111,310,8445.25,767.75,7677.50,0,0.00,7677.50
